<component-set>
    <components>
        <component>
            <role>org.sonatype.plexus.components.sec.dispatcher.SecDispatcher</role>
            <role-hint>mng-4384</role-hint>
            <implementation>org.sonatype.plexus.components.sec.dispatcher.DefaultSecDispatcher</implementation>
            <requirements>
                <requirement>
                    <role>org.sonatype.plexus.components.cipher.PlexusCipher</role>
                    <role-hint>mng-4384</role-hint>
                    <field-name>_cipher</field-name>
                </requirement>
            </requirements>
            <configuration>
                <_configuration-file>~/.m2/settings-security.xml</_configuration-file>
            </configuration>
        </component>
        <component>
            <role>org.sonatype.plexus.components.cipher.PlexusCipher</role>
            <role-hint>mng-4384</role-hint>
            <implementation>org.sonatype.plexus.components.cipher.DefaultPlexusCipher</implementation>
        </component>
    </components>
</component-set>